name,year,fuel,mileage,engine(CC),max_power,selling_price
Maruti Swift Dzire VDI,2014,Diesel,23.4,1248,74,450000
Skoda Rapid 1.5 TDI Ambition,2014,Diesel,21.14,1498,103.52,370000
Honda City 2017-2020 EXi,2006,Petrol,17.7,1497,78,158000
Hyundai i20 Sportz Diesel,2010,Diesel,23,1396,90,225000
Maruti Swift VXI BSIII,2007,Petrol,16.1,1298,88.2,130000
Hyundai Xcent 1.2 VTVT E Plus,2017,Petrol,20.14,1197,81.86,440000
Maruti Wagon R LXI DUO BSIII,2007,LPG,17.3,1061,57.5,96000
Maruti 800 DX BSII,2001,Petrol,16.1,796,37,45000
Toyota Etios VXD,2011,Diesel,23.59,1364,67.1,350000
Ford Figo Diesel Celebration Edition,2013,Diesel,20,1399,68.1,200000
Renault Duster 110PS Diesel RxL,2014,Diesel,19.01,1461,108.45,500000
Maruti Zen LX,2005,Petrol,17.3,993,60,92000
Maruti Swift Dzire VDi,2009,Diesel,19.3,1248,73.9,280000
Maruti Wagon R LXI Minor,2009,Petrol,18.9,1061,67,180000
Mahindra KUV 100 mFALCON G80 K8 5str,2016,Petrol,18.15,1198,82,400000
Maruti Ertiga SHVS VDI,2016,Diesel,24.52,1248,88.5,778000
Hyundai i20 1.4 CRDi Asta,2012,Diesel,23,1396,90,500000
Maruti Alto LX,2002,Petrol,19.7,796,46.3,150000
Hyundai i20 2015-2017 Asta 1.4 CRDi,2016,Diesel,22.54,1396,88.73,680000
Mahindra Verito 1.5 D4 BSIII,2011,Diesel,21,1461,64.1,174000
Honda WR-V i-DTEC VX,2017,Diesel,25.5,1498,98.6,950000
Maruti Swift Dzire ZDI,2015,Diesel,26.59,1248,74,525000
Maruti SX4 ZDI,2012,Diesel,21.5,1248,88.8,600000
Tata Tigor 2017-2020 XZ,2018,Petrol,20.3,1199,83.81,500000
Maruti Baleno Delta 1.2,2016,Petrol,21.4,1197,83.1,575000
Maruti Alto 800 LXI,2017,Petrol,24.7,796,47.3,275000
Chevrolet Enjoy TCDi LTZ 7 Seater,2013,Diesel,18.2,1248,73.8,300000
Maruti Wagon R LXI Minor,2009,Petrol,18.9,1061,67,220000
Maruti Omni E MPI STD BS IV,2018,Petrol,16.8,796,34.2,254999
Maruti Vitara Brezza LDi Option,2017,Diesel,24.3,1248,88.5,670000
Maruti Omni 8 Seater BSIV,2012,Petrol,14,796,35,150000
Hyundai i20 1.2 Asta Dual Tone,2018,Petrol,18.6,1197,81.83,730000
Maruti Vitara Brezza LDi,2017,Diesel,24.3,1248,88.5,650000
Maruti Alto K10 VXI Airbag,2019,Petrol,23.95,998,67.1,366000
Hyundai Verna VTVT 1.6 SX Option,2019,Petrol,17,1591,121.3,1149000
Datsun GO D,2016,Petrol,20.63,1198,67,150000
Tata Safari DICOR 2.2 LX 4x2,2011,Diesel,13.93,2179,138.03,425000
Maruti 800 Std,2012,Petrol,16.1,796,37,150000
Jeep Compass 1.4 Limited Plus BSIV,2019,Petrol,16,1368,160.77,2100000
Honda City i VTEC VX,2018,Petrol,17.8,1497,117.3,925000
Honda City V MT,2013,Petrol,16.8,1497,116.3,425000
Maruti Swift Dzire VXi AT,2018,Petrol,18.5,1197,83.14,675000
Maruti Vitara Brezza VDi,2018,Diesel,24.3,1248,88.5,819999
Maruti Alto K10 VXI,2018,Petrol,23.95,998,67.05,390000
Toyota Fortuner 4x4 MT,2014,Diesel,12.55,2982,168.5,1500000
Toyota Innova 2.5 G (Diesel) 7 Seater BS IV,2013,Diesel,12.99,2494,100,700000
Mercedes-Benz B Class B180,2014,Diesel,14.8,2143,120.7,1450000
Honda Amaze S Diesel,2015,Diesel,24.7,1498,98.63,425000
Mitsubishi Pajero Sport 4X4,2013,Diesel,13.5,2477,175.56,1090000
Honda City i DTEC S,2015,Diesel,26,1498,98.6,600000
Maruti Ciaz Zeta,2018,Petrol,20.65,1462,103.25,850000
Honda Jazz VX Diesel,2015,Diesel,27.3,1498,98.6,525000
Toyota Innova Crysta 2.8 ZX AT BSIV,2016,Diesel,11.36,2755,171.5,1650000
Toyota Innova 2.5 G (Diesel) 7 Seater,2016,Diesel,12.99,2494,100.6,950000
Audi A6 2.0 TDI Technology,2013,Diesel,17.68,1968,174.33,1750000
Toyota Corolla Altis 1.8 VL CVT,2018,Petrol,14.28,1798,138.03,1590000
Audi A6 2.0 TDI  Design Edition,2013,Diesel,18.53,1968,187.74,1689999
Mercedes-Benz New C-Class 220 CDI AT,2013,Diesel,14.84,2143,170,1425000
Tata Manza ELAN Quadrajet BS IV,2011,Diesel,21.12,1248,88.8,265000
Hyundai i10 Magna,2011,Petrol,20.36,1197,78.9,190000
Hyundai i20 Asta 1.4 CRDi,2013,Diesel,21.27,1396,88.76,425000
Maruti Swift Dzire ZDI,2015,Diesel,26.59,1248,74,630000
Ford Figo 1.2P Titanium MT,2017,Petrol,18.16,1196,86.8,600000
Maruti Baleno Delta 1.2,2019,Petrol,21.4,1197,83.1,650000
Volkswagen Ameo 1.5 TDI Highline 16 Alloy,2016,Diesel,22,1498,108.495,540000
Honda City i DTEC VX,2015,Diesel,25.1,1498,98.6,630000
Maruti Wagon R AMT VXI,2018,Petrol,20.51,998,67,448000
Volkswagen Ameo 1.5 TDI Comfortline,2017,Diesel,21.66,1498,108.62,500000
Maruti Vitara Brezza VDi,2016,Diesel,24.3,1248,88.5,745000
Maruti Vitara Brezza ZDi Plus AMT,2019,Diesel,24.3,1248,88.5,1025000
Hyundai i10 Magna,2011,Petrol,20.36,1197,78.9,235000
Maruti Swift VDI Deca,2016,Diesel,25.2,1248,74,630000
Toyota Fortuner 4x4 MT,2015,Diesel,12.55,2982,168.5,1700000
Maruti Swift Star VDI,2013,Diesel,22.9,1248,74,450000
Maruti Ertiga ZXI,2012,Petrol,16.02,1373,93.7,450000
Volkswagen Vento Diesel Highline,2013,Diesel,20.54,1598,103.6,450000
Toyota Innova 2.5 VX (Diesel) 8 Seater,2016,Diesel,12.99,2494,100.6,1200000
Ford EcoSport 1.5 TDCi Titanium Plus BSIV,2015,Diesel,22.77,1498,98.59,610000
BMW X1 sDrive20i xLine,2016,Petrol,15.71,1998,189,2500000
Maruti Celerio ZXI MT BSIV,2017,Petrol,23.1,998,67.04,484999
Datsun GO A Petrol,2016,Petrol,19.02,1198,67.05,275000
Maruti Alto 800 VXI BSIV,2016,Petrol,24.7,796,47.3,315000
Maruti Alto 800 LXI BSIV,2016,Petrol,24.7,796,47.3,275000
Hyundai i10 Era 1.1,2012,Petrol,19.81,1086,68.05,290000
Maruti Omni 8 Seater BSIV,2017,Petrol,14,796,35,280000
Volkswagen Polo 1.2 MPI Comfortline,2015,Petrol,16.47,1198,74,455000
Hyundai i10 Magna 1.1L,2015,Petrol,19.81,1086,68.05,351000
Volkswagen Vento Petrol Highline,2012,Petrol,15.04,1598,103.6,535000
Maruti Zen Estilo LXI BSIII,2009,Petrol,18.2,998,67.1,175000
Hyundai i20 Asta Optional with Sunroof 1.2,2013,Petrol,18.5,1197,82.85,525000
Maruti Swift Dzire LDI,2016,Diesel,26.59,1248,74,600000
Hyundai Xcent 1.2 Kappa SX Option AT,2016,Petrol,19.1,1197,82,565000
Maruti Alto LX BSIII,2008,Petrol,19.7,796,46.3,120000
Hyundai i20 1.4 Asta Option,2017,Diesel,22.54,1396,88.73,725000
Maruti Wagon R VXI,2009,Petrol,21.79,998,67.05,185000
Tata Manza Aura (ABS) Quadrajet,2010,Diesel,18.8,1248,90,200000
Maruti Swift VXI,2019,Petrol,21.21,1197,81.8,615000
Maruti Eeco 7 Seater Standard BSIV,2016,Petrol,15.37,1196,73,270000
Maruti Baleno Zeta 1.2,2018,Petrol,21.4,1197,83.1,610000
Mahindra Scorpio VLX AT AIRBAG BSIV,2014,Diesel,11.79,2179,120,625000
Ford Freestyle Titanium Petrol BSIV,2020,Petrol,19,1194,94.68,400000
Hyundai Verna VTVT 1.6 SX,2017,Petrol,17,1591,121.3,866000
Volkswagen Passat 1.8 TSI MT,2010,Petrol,14.3,1798,160,700000
Tata Indica Vista Aura 1.2 Safire (ABS) BS IV,2010,Petrol,15.8,1172,65,300000
Mahindra XUV500 W11 Option AWD,2019,Diesel,15.1,2179,155,1700000
Tata Indigo CS LS (TDI) BS-III,2016,Diesel,19.09,1405,69.01,375000
Hyundai Verna 1.6 SX,2013,Diesel,22.32,1582,126.32,522000
Hyundai i20 Magna 1.4 CRDi (Diesel),2013,Diesel,21.9,1396,88.76,451999
Toyota Corolla Altis G,2009,Petrol,14.53,1798,138.1,300000
Maruti Celerio VXI,2020,Petrol,21.63,998,67.04,475000
Maruti Vitara Brezza ZDi Plus Dual Tone,2016,Diesel,24.3,1248,88.5,780000
Maruti Swift Dzire VXI,2017,Petrol,20.85,1197,83.14,595000
Maruti Wagon R VXI BS IV,2017,Petrol,20.51,998,67.04,440000
Nissan Terrano XL 85 PS,2014,Diesel,20.45,1461,83.8,400000
Hyundai Creta 1.6 CRDi SX,2016,Diesel,19.67,1582,126.2,1140000
Ford EcoSport 1.5 Diesel Titanium Plus BSIV,2017,Diesel,23,1498,98.96,850000
Maruti Swift Dzire VDi,2012,Diesel,19.3,1248,73.9,370000
Renault KWID 1.0,2018,Petrol,23.01,999,67,350000
Maruti Celerio VXI,2015,Petrol,23.1,998,67.04,360000
Maruti Alto LXi,2008,Petrol,19.7,796,46.3,105000
Maruti Ertiga VDI,2013,Diesel,20.77,1248,88.76,625000
Hyundai Santro Xing GLS,2009,Petrol,17.92,1086,62.1,135000
Maruti Ertiga VDI,2015,Diesel,20.77,1248,88.76,700000
Honda Amaze S i-VTEC,2019,Petrol,17.8,1198,86.7,690000
Audi Q5 35TDI Premium Plus,2018,Diesel,17.01,1968,188,3975000
Lexus ES 300h,2019,Petrol,22.37,2487,214.56,5150000
Jaguar XF 2.0 Diesel Portfolio,2017,Diesel,19.33,1999,177,3200000
Jeep Wrangler 2016-2019 3.6 4X4,2017,Petrol,9.5,3604,280,4100000
Land Rover Discovery Sport TD4 SE,2019,Diesel,12.83,1999,148.31,4500000
Mercedes-Benz S-Class S 350 CDI,2017,Diesel,13.5,2987,254.79,6000000
BMW 5 Series 520d Sport Line,2018,Diesel,22.48,1995,187.74,3790000
BMW X4 M Sport X xDrive20d,2019,Diesel,16.78,1995,190,5800000
Skoda Superb LK 1.8 TSI AT,2018,Petrol,14.67,1798,177.46,1864999
Mercedes-Benz E-Class E250 Edition E,2016,Diesel,15,2143,204,2700000
MG Hector Sharp AT BSIV,2019,Petrol,13.96,1451,141,1750000
Honda City i-VTEC CVT VX,2017,Petrol,18,1497,117.6,795000
Toyota Corolla Altis 1.8 G CVT,2013,Petrol,14.28,1798,138.03,625000
Volvo XC40 D4 R-Design,2018,Diesel,18,1969,190,3400000
Audi Q7 35 TDI Quattro Premium,2015,Diesel,12.07,2967,241.4,2650000
Maruti Ciaz ZDi,2015,Diesel,26.21,1248,88.5,535000
Mercedes-Benz S-Class S 350 CDI,2017,Diesel,13.5,2987,282,5850000
BMW 5 Series 523i,2010,Petrol,10.8,2497,150,975000
Hyundai Elantra S,2016,Petrol,16.3,1797,147.5,805000
Jaguar XE 2016-2019 2.0L Diesel Prestige,2017,Diesel,13.6,1999,177,2625000
Tata Nexon 1.2 Revotron XZ Plus Dual Tone,2018,Petrol,17,1198,108.5,811000
Volkswagen Vento Petrol Highline,2011,Petrol,15.04,1598,103.6,375000
Hyundai Elantra SX,2012,Petrol,16.3,1797,147.5,550000
Skoda Rapid 1.6 MPI AT Elegance,2016,Petrol,14.3,1598,103.5,645000
Mercedes-Benz CLA 200 CGI Sport,2018,Petrol,15.04,1991,183,2550000
Maruti Ertiga ZXI,2014,Petrol,16.02,1373,93.7,599000
Mercedes-Benz New C-Class C 200 AVANTGARDE,2017,Petrol,14.74,1991,181.04,2700000
Honda City V AT,2017,Petrol,15.6,1497,116.3,875000
Toyota Glanza V CVT,2019,Petrol,19.56,1197,81.8,894999
Maruti Alto K10 VXI,2011,Petrol,23.95,998,67.05,175000
Maruti Swift VXI,2012,Petrol,21.21,1197,81.8,340000
Toyota Innova Crysta 2.8 ZX AT BSIV,2016,Diesel,11.36,2755,171.5,1525000
Tata Nexon 1.5 Revotorq XZA Plus DualTone,2018,Diesel,21.5,1497,108.5,1025000
BMW 3 Series 320d Luxury Line,2016,Diesel,22.69,1995,190,2150000
Toyota Camry 2.5 Hybrid,2016,Petrol,19.16,2494,157.7,1900000
BMW 5 Series 520d Luxury Line,2016,Diesel,18.12,1995,190,2900000
Toyota Camry W4 (AT),2009,Petrol,12.1,2362,164.7,450000
Maruti Ertiga BSIV ZXI Plus,2016,Petrol,17.5,1373,91.1,850000
Volvo XC90 T8 Excellence BSIV,2017,Petrol,42,1969,400,10000000
Volkswagen Vento Diesel Highline,2011,Diesel,20.54,1598,103.6,300000
Ford Figo Aspire 1.2 Ti-VCT Trend,2018,Petrol,18.16,1196,86.8,575000
Ford Figo Diesel LXI,2011,Diesel,20,1399,68,160000
Maruti Swift VXI Optional,2015,Petrol,20.4,1197,81.8,515000
Maruti Wagon R AMT VXI,2015,Petrol,20.51,998,67,390000
Hyundai i20 Magna 1.2,2016,Petrol,18.6,1197,81.83,550000
Maruti 800 Std,1999,Petrol,16.1,796,37,40000
Maruti Ritz VDi,2010,Diesel,21.1,1248,73.9,220000
Hyundai Grand i10 Magna,2015,Petrol,18.9,1197,82,425000
Volkswagen Ameo 1.0 MPI Trendline,2019,Petrol,19.44,999,75,480000
Hyundai Grand i10 Sportz,2014,Petrol,18.9,1197,82,400000
Maruti Swift Dzire VXI,2014,Petrol,19.1,1197,85.8,487000
Hyundai Xcent 1.2 Kappa S,2016,Petrol,19.1,1197,82,386000
Honda City 1.5 EXI,2005,Petrol,13,1493,100,100000
Toyota Corolla Altis Diesel D4DG,2010,Diesel,21.43,1364,87.2,300000
Daewoo Matiz SD,2000,Petrol,18.5,796,53,100000
Toyota Fortuner 4x2 Manual,2014,Diesel,13,2982,168.5,1750000
Mahindra KUV 100 mFALCON G80 K8,2016,Petrol,18.15,1198,82,450000
Tata Zest Quadrajet 1.3 75PS XM,2017,Diesel,22.95,1248,74,490000
Honda City 1.5 S MT,2009,Petrol,17,1497,118,345000
Maruti Zen LXI,2005,Petrol,17.3,993,60,85000
Maruti Wagon R VXI BS IV with ABS,2010,Petrol,18.9,998,67.1,215000
Hyundai Verna Transform SX VTVT,2010,Petrol,16.2,1599,103.2,320000
Maruti Swift Dzire VXI,2016,Petrol,20.85,1197,83.14,459999
Hyundai Getz GLS,2005,Petrol,15.3,1341,83,65000
Hyundai Elite i20 Sportz Plus BSIV,2020,Petrol,18.6,1197,81.86,720000
Maruti Ciaz 1.3 Alpha,2017,Diesel,28.09,1248,88.5,800000
Tata Tigor 1.2 Revotron XZ,2019,Petrol,20.3,1199,84,520000
Maruti Ertiga VDI,2015,Diesel,20.77,1248,88.76,580000
Honda City i VTEC S,2015,Petrol,17.4,1497,117.3,600000
Honda Brio S MT,2014,Petrol,19.4,1198,86.8,290000
Maruti Swift Dzire VXI,2017,Petrol,20.85,1197,83.14,550000
Hyundai i20 Sportz 1.2,2013,Petrol,18.5,1197,82.85,375000
Maruti Wagon R AMT VXI,2018,Petrol,20.51,998,67,420000
Maruti Swift Dzire VXI 1.2,2017,Petrol,21.21,1197,81.8,550000
Maruti Alto 800 LXI,2018,Petrol,24.7,796,47.3,270000
Maruti Swift Dzire AMT VXI BS IV,2018,Petrol,22,1197,81.8,700000
Maruti Swift VXI Optional,2017,Petrol,20.4,1197,81.8,500000
Tata Hexa XE,2019,Diesel,17.6,2179,147.94,1250000
Hyundai i20 Magna,2013,Petrol,18.5,1197,82.85,320000
Maruti Swift Dzire VDI,2018,Diesel,28.4,1248,74.02,700000
Maruti Wagon R VXI BS IV,2015,Petrol,20.51,998,67.04,290000
Toyota Corolla Altis 1.8 VL AT,2012,Petrol,14.53,1794,138.1,550000
Honda Brio S MT,2012,Petrol,19.4,1198,86.8,265000
Maruti Baleno Alpha Automatic,2018,Petrol,21.4,1197,83.1,830000
Tata Safari Storme EX,2017,Diesel,14.1,2179,147.94,800000
Maruti Alto LXi,2011,Petrol,19.7,796,46.3,160000
Renault KWID RXT,2018,Petrol,25.17,799,53.3,335000
Datsun GO T BSIV,2017,Petrol,20.63,1198,67,329000
Maruti Vitara Brezza VDi Option,2017,Diesel,24.3,1248,88.5,775000
Hyundai Xcent 1.2 VTVT SX,2020,Petrol,20.14,1197,81.86,524000
Maruti Alto 800 LXI,2015,Petrol,22.74,796,47.3,245000
Hyundai i20 1.2 Sportz,2012,Petrol,17,1197,80,275000
Tata Zest Revotron 1.2 XT,2018,Petrol,17.57,1193,88.7,520000
Nissan Sunny XL,2014,Petrol,16.95,1498,97.7,550000
Ford EcoSport 1.5 Petrol Titanium Plus BSIV,2018,Petrol,17,1497,121.36,910000
Nissan Micra Active XV S,2015,Petrol,19.49,1198,67.04,300000
Maruti Wagon R LXI Optional,2016,Petrol,20.51,998,67.04,350000
Mahindra Ssangyong Rexton RX5,2013,Diesel,12.83,2696,162,900000
Mahindra Quanto C8,2013,Diesel,17.21,1493,100,300000
Maruti Ritz LDi,2010,Diesel,21.1,1248,73.9,250000
Hyundai Creta 1.6 CRDi SX Plus Dual Tone,2017,Diesel,19.67,1582,126.2,1100000
Renault KWID RXT,2016,Petrol,25.17,799,53.3,270000
Maruti Ertiga VDI,2015,Diesel,20.77,1248,88.76,640000
Mahindra XUV500 W4,2015,Diesel,15.1,2179,140,650000
Maruti Eeco 5 Seater AC BSIV,2017,Petrol,15.37,1196,73,409999
Hyundai Santro Xing GLS,2011,Petrol,17.92,1086,62.1,165000
Hyundai Aent GLE,2007,Petrol,13.2,1495,94,80000
Mahindra XUV500 W8 2WD,2012,Diesel,15.1,2179,140,535000
Toyota Innova 2.5 EV (Diesel) PS 7 Seater BS IV,2013,Diesel,12.99,2494,100.57,700000
Maruti Swift Dzire VDI,2013,Diesel,23.4,1248,74,550000
Honda Amaze S CVT Petrol BSIV,2019,Petrol,19,1199,88.76,680000
Hyundai i10 Sportz 1.2,2009,Petrol,20.36,1197,78.9,200000
Maruti Swift Dzire VDI,2014,Diesel,23.4,1248,74,500000
Maruti Ertiga SHVS ZDI Plus,2016,Diesel,24.52,1248,88.5,1000000
Hyundai Getz 1.3 GVS,2008,Petrol,14.2,1341,82.9,110000
Hyundai i20 1.2 Magna,2012,Petrol,18.5,1197,80,320000
Maruti Swift LXI Optional-O,2015,Petrol,20.4,1197,83.11,350000
Tata Indica Vista TDI LS,2013,Diesel,19.4,1405,70,170000
Hyundai i20 2015-2017 Asta 1.4 CRDi,2017,Diesel,22.54,1396,88.73,800000
Maruti Ignis 1.3 Alpha,2017,Diesel,26.8,1248,74,500000
Tata Hexa XTA,2017,Diesel,17.6,2179,153.86,1380000
Mahindra Marazzo M6 8Str,2019,Diesel,17.3,1497,121,1300000
Hyundai Verna 1.6 CRDI,2013,Diesel,22.32,1582,126.3,530000
Maruti Swift Dzire VDI,2012,Diesel,23.4,1248,74,360000
Maruti Swift Dzire LDi,2012,Diesel,19.3,1248,73.9,310000
Honda City i DTEC V,2015,Diesel,26,1498,98.6,725000
Maruti Swift Dzire ZDi,2012,Diesel,19.3,1248,73.9,340000
Hyundai Xcent 1.2 CRDi E,2017,Diesel,25.4,1186,73.97,550000
Toyota Fortuner 3.0 Diesel,2011,Diesel,11.5,2982,171,1150000
Tata Tiago 1.05 Revotorq XZ,2016,Diesel,27.28,1047,69,380000
Nissan Sunny XL AT Special Edition,2013,Petrol,17.97,1498,99.6,350000
Hyundai Elite i20 Magna Plus BSIV,2019,Petrol,18.6,1197,81.86,610000
Maruti Swift Dzire VXI,2015,Petrol,20.85,1197,83.14,525000
Toyota Innova 2.5 GX 7 STR,2011,Diesel,12.8,2494,102,480000
Mahindra Thar CRDe,2017,Diesel,16.55,2498,105,780000
Maruti Swift Dzire ZDi,2012,Diesel,19.3,1248,73.9,320000
Maruti Swift 1.2 DLX (Only Delhi),2014,Petrol,20.4,1197,81.8,375000
Datsun GO D Petrol,2019,Petrol,19.02,1198,67.05,300000
Hyundai i20 Asta 1.4 CRDi,2015,Diesel,22.54,1396,88.73,500000
Mahindra Scorpio LX,2011,Diesel,12.05,2179,120,404000
Tata Sumo Gold EX BSIII,2015,Diesel,14.07,2956,69.01,500000
Tata Tiago Wizz 1.05 Revotorq,2017,Diesel,27.28,1047,69,350000
Tata Zest Revotron 1.2 XT,2015,Petrol,17.57,1193,88.7,380000
Hyundai Aent GLE,2008,Petrol,13.2,1495,94,114999
Honda Brio Exclusive Edition,2014,Petrol,19.4,1198,86.8,335000
Hyundai Grand i10 AT Asta,2015,Petrol,18.9,1197,82,465000
Tata Manza Club Class Quadrajet90 LX,2012,Diesel,21.02,1248,88.76,290000
Maruti Alto LX,2005,Petrol,19.7,796,46.3,110000
Tata New Safari DICOR 2.2 EX 4x2,2011,Diesel,11.57,2179,138.1,450000
Mahindra Bolero SLE,2009,Diesel,13.6,2523,63,400000
Mahindra Bolero DI DX 7 Seater,2007,Diesel,13.6,2523,63,210000
Mercedes-Benz GL-Class 220d 4MATIC Sport,2018,Diesel,17.9,2143,170,4600000
Maruti Omni E MPI STD BS IV,2016,Petrol,16.8,796,34.2,220000
Hyundai Grand i10 Sportz,2017,Petrol,18.9,1197,82,450000
Hyundai Grand i10 Sportz,2017,Petrol,18.9,1197,82,450000
Hyundai i10 Sportz AT,2013,Petrol,16.95,1197,78.9,290000
Maruti Swift VXI Deca,2016,Petrol,20.4,1197,81.8,520000
Hyundai i10 Sportz AT,2011,Petrol,16.95,1197,78.9,265000
Maruti Swift VXI,2012,Petrol,18.6,1197,85.8,330000
Maruti Swift VXI,2012,Petrol,18.6,1197,85.8,330000
Mahindra Bolero 2011-2019 ZLX,2014,Diesel,15.96,2523,62.1,509999
Hyundai Verna 1.6 SX VTVT (O),2014,Petrol,17.1,1591,121.3,500000
Hyundai i20 Active 1.2,2015,Petrol,17.19,1197,81.86,525000
Maruti Baleno Zeta,2019,Petrol,21.01,1197,81.8,675000
Hyundai i20 1.2 Asta,2010,Petrol,17,1197,80,300000
Maruti Alto LXI,2005,Petrol,19.7,796,46.3,90000
Maruti Swift Dzire VDI,2017,Diesel,26.59,1248,74,650000
Maruti Swift Dzire VXI,2014,Petrol,19.1,1197,85.8,409000
Hyundai Grand i10 CRDi Sportz,2015,Diesel,24,1120,70,395000
Maruti Swift Dzire VXI,2014,Petrol,19.1,1197,85.8,400000
Chevrolet Beat LS,2012,Petrol,18.6,1199,79.4,120000
Tata Tigor 1.2 Revotron XZA,2018,Petrol,20.3,1199,84,645000
Maruti 800 Std,2006,Petrol,16.1,796,37,81000
Honda City i-DTEC VX,2017,Diesel,25.6,1498,97.9,1300000
Honda City i-DTEC VX,2017,Diesel,25.6,1498,97.9,1250000
Maruti Ertiga VXI,2013,Petrol,16.02,1373,93.7,535000
Nissan Terrano XV Premium 110 PS,2014,Diesel,19.01,1461,108.5,555000
Honda City i VTEC VX,2014,Petrol,17.4,1497,117.3,725000
Renault KWID RXL,2016,Petrol,25.17,799,53.3,229999
Toyota Innova 2.5 GX (Diesel) 8 Seater,2013,Diesel,12.99,2494,100.6,800000
Maruti Wagon R VXI BS IV,2017,Petrol,20.51,998,67.04,409999
Hyundai Creta 1.4 CRDi S Plus,2018,Diesel,21.38,1396,88.7,1210000
Tata Tiago 1.2 Revotron XZ,2017,Petrol,23.84,1199,84,400000
Hyundai Grand i10 1.2 CRDi Sportz,2018,Diesel,24,1186,73.97,520000
Maruti Baleno Zeta Automatic,2016,Petrol,21.4,1197,83.1,650000
Maruti Swift ZXI ABS,2011,Petrol,16.1,1298,88.2,325000
Maruti Swift Dzire VXi AT,2012,Petrol,17.4,1197,85.8,420000
Maruti Swift LXI Option,2014,Petrol,20.4,1197,81.8,400000
Hyundai i20 1.2 Asta,2010,Petrol,17,1197,80,254999
Maruti Zen LXI,2003,Petrol,17.3,993,60,65000
Maruti Celerio LXI,2017,Petrol,23.1,998,67.04,351000
Toyota Innova 2.5 V Diesel 8-seater,2007,Diesel,12.8,2494,102,404000
Maruti Ritz LDi,2011,Diesel,21.1,1248,73.9,185000
Nissan Micra Diesel XV,2011,Diesel,23.08,1461,63.1,250000
Maruti Zen LXI,2002,Petrol,17.3,993,60,60000
Hyundai Verna 1.6 SX VTVT (O),2013,Petrol,17.1,1591,121.3,500000
Maruti Zen Estilo LXI BSIII,2007,Petrol,18.2,998,67.1,85000
Maruti Alto LX,2005,Petrol,19.7,796,46.3,85000
Maruti Swift Dzire ZDi,2011,Diesel,19.3,1248,73.9,265000
Maruti A-Star Vxi,2010,Petrol,19,998,66.1,130000
Maruti Ertiga VDI,2013,Diesel,20.77,1248,88.76,480000
Maruti Swift Ldi BSIII,2008,Diesel,17.8,1248,75,170000
Nissan Micra Diesel XV,2011,Diesel,23.08,1461,63.1,275000
Maruti Wagon R LXI,2005,Petrol,18.9,998,67.1,89000
Ford Figo Diesel Titanium,2010,Diesel,20,1399,68,170000
Mahindra XUV300 W8 Option BSIV,2019,Petrol,17,1197,110,1090000
Hyundai Creta 1.6 CRDi AT SX Plus,2017,Diesel,17.01,1582,126.2,1100000
Maruti Swift VXI BSIV,2018,Petrol,22,1197,81.8,610000
Datsun GO T Option BSIV,2016,Petrol,20.63,1198,67,335000
Hyundai Grand i10 Asta,2015,Petrol,18.9,1197,82,434999
Toyota Fortuner 2.8 2WD MT BSIV,2018,Diesel,14.24,2755,174.5,3000000
Renault KWID RXL,2018,Petrol,20.71,799,53.26,390000
Honda Brio 1.2 VX MT,2012,Petrol,18.5,1198,86.8,325000
Volkswagen Ameo 1.2 MPI Comfortline Plus,2019,Petrol,17,1198,73.75,640000
Nissan Sunny XV Special Edition,2012,Petrol,16.95,1498,97.7,450000
Toyota Etios Liva GD SP,2013,Diesel,23.59,1364,67.06,400000
Hyundai i10 Sportz,2009,Petrol,20.36,1197,78.9,215000
Renault Duster 85PS Diesel RxL,2014,Diesel,20.45,1461,83.8,570000
Mahindra XUV500 W8 2WD,2012,Diesel,15.1,2179,140,680000
Toyota Innova 2.5 V Diesel 7-seater,2008,Diesel,12.8,2494,102,325000
Tata Indigo CS eGLX BS IV,2011,Petrol,15.64,1193,64.08,150000
Hyundai Elantra SX AT,2013,Petrol,14.5,1797,147.5,690000
Mercedes-Benz New C-Class 220 CDI AT,2013,Diesel,14.84,2143,170,1550000
Tata Nano STD,2012,Petrol,25.4,624,37.5,64000
Nissan Micra Diesel XL,2013,Diesel,23.08,1461,63.1,250000
Maruti Wagon R LXI,2005,Petrol,18.9,998,67.1,65000
Maruti Swift Dzire VDI,2016,Diesel,26.59,1248,74,550000
Hyundai i10 Magna,2010,Petrol,20.36,1197,78.9,140000
Renault KWID RXT,2016,Petrol,25.17,799,53.3,300000
Volkswagen GTI 1.8 TSI,2016,Petrol,16.34,1798,189.3,800000
Jaguar XE 2016-2019 2.0L Diesel Prestige,2017,Diesel,13.6,1999,177,2625000
Lexus ES 300h,2019,Petrol,22.37,2487,214.56,5150000
Jaguar XF 2.0 Diesel Portfolio,2017,Diesel,19.33,1999,177,3200000
Tata Safari Storme EX,2015,Diesel,14.1,2179,147.94,503000
Volvo XC40 D4 Inscription BSIV,2019,Diesel,18,1969,190,3800000
Toyota Camry 2.5 Hybrid,2016,Petrol,19.16,2494,157.7,2000000
Maruti Wagon R LXI,2013,Petrol,21.79,998,67.05,225000
Maruti Baleno Alpha 1.3,2018,Diesel,27.39,1248,74,740000
Honda Jazz VX,2016,Petrol,18.2,1199,88.7,550000
Toyota Innova 2.5 VX (Diesel) 7 Seater,2013,Diesel,12.99,2494,100.6,750000
Maruti Swift AMT VVT VXI,2019,Petrol,22,1197,81.8,650000
Toyota Etios VX,2017,Petrol,16.78,1496,88.73,625000
Maruti Swift AMT ZXI,2018,Petrol,22,1197,81.8,600000
Hyundai Grand i10 1.2 CRDi Sportz,2017,Diesel,24,1186,73.97,450000
BMW X4 M Sport X xDrive20d,2019,Diesel,16.78,1995,190,5400000
BMW X4 M Sport X xDrive20d,2019,Diesel,16.78,1995,190,5500000
Honda Amaze V CVT Petrol BSIV,2019,Petrol,19,1199,88.76,779000
Skoda Rapid 1.6 MPI AT Elegance,2016,Petrol,14.3,1598,103.5,645000
Volvo V40 D3 R-Design,2018,Diesel,16.8,1984,150,2475000
Hyundai i10 Magna,2010,Petrol,20.36,1197,78.9,150000
Honda CR-V 2.4L 4WD AT,2009,Petrol,11.1,2354,158.8,500000
Maruti Swift Dzire VDI,2015,Diesel,26.59,1248,74,480000
Hyundai Verna 1.6 SX CRDi (O),2014,Diesel,22.32,1582,126.32,535000
Toyota Innova 2.5 G1 Diesel 8-seater,2005,Diesel,12.8,2494,102,250000
Maruti SX4 Celebration Diesel,2012,Diesel,21.5,1248,88.8,300000
Hyundai Verna XXi ABS (Petrol),2009,Petrol,13.9,1599,103.2,340000
Hyundai Verna CRDi SX,2009,Diesel,16.8,1493,110,340000
Maruti Alto 800 VXI,2016,Petrol,22.74,796,47.3,240000
Honda City i-VTEC CVT V,2018,Petrol,18,1497,117.6,1085000
Maruti Swift Dzire AMT VDI,2017,Diesel,28.4,1248,74.02,750000
Tata Indigo LS,2012,Diesel,17,1405,70,95000
Maruti Alto K10 VXI,2014,Petrol,23.95,998,67.05,215000
Mahindra XUV500 AT W10 AWD,2016,Diesel,16,2179,140,1290000
Maruti Alto K10 LXI,2010,Petrol,20.92,998,67.1,150000
Hyundai EON Sportz,2013,Petrol,21.1,814,55.2,219000
Tata Tiago 1.2 Revotron XE,2018,Petrol,23.84,1199,84,325000
Maruti Eeco Smiles 5 Seater AC,2013,Petrol,15.1,1196,73,260000
Jaguar XE 2016-2019 2.0L Diesel Prestige,2017,Diesel,13.6,1999,177,2625000
Lexus ES 300h,2019,Petrol,22.37,2487,214.56,5150000
Jaguar XF 2.0 Diesel Portfolio,2017,Diesel,19.33,1999,177,3200000
Tata Safari Storme EX,2015,Diesel,14.1,2179,147.94,503000
Volvo XC40 D4 Inscription BSIV,2019,Diesel,18,1969,190,3800000
Toyota Camry 2.5 Hybrid,2016,Petrol,19.16,2494,157.7,2000000
Maruti Wagon R LXI,2013,Petrol,21.79,998,67.05,225000
Maruti Baleno Alpha 1.3,2018,Diesel,27.39,1248,74,740000
Honda Jazz VX,2016,Petrol,18.2,1199,88.7,550000
Toyota Innova 2.5 VX (Diesel) 7 Seater,2013,Diesel,12.99,2494,100.6,750000
Maruti Swift AMT VVT VXI,2019,Petrol,22,1197,81.8,650000
Toyota Etios VX,2017,Petrol,16.78,1496,88.73,625000
Maruti Swift AMT ZXI,2018,Petrol,22,1197,81.8,600000
Hyundai Grand i10 1.2 CRDi Sportz,2017,Diesel,24,1186,73.97,450000
BMW X4 M Sport X xDrive20d,2019,Diesel,16.78,1995,190,5400000
BMW X4 M Sport X xDrive20d,2019,Diesel,16.78,1995,190,5500000
Honda Amaze V CVT Petrol BSIV,2019,Petrol,19,1199,88.76,779000
Skoda Rapid 1.6 MPI AT Elegance,2016,Petrol,14.3,1598,103.5,645000
Volvo V40 D3 R-Design,2018,Diesel,16.8,1984,150,2475000
Honda Amaze S CVT Diesel BSIV,2019,Diesel,23.8,1498,78.9,700000
Hyundai Creta 1.4 CRDi Base,2017,Diesel,21.38,1396,88.7,950000
Maruti Alto LXi BSIII,2010,Petrol,19.7,796,46.3,160000
Hyundai Xcent 1.1 CRDi S Option,2015,Diesel,24.4,1120,71.01,409999
Toyota Innova 2.5 G (Diesel) 7 Seater,2015,Diesel,12.99,2494,100.6,840000
Toyota Etios Liva Diesel,2013,Diesel,23.59,1364,67.1,450000
Maruti Swift Dzire ZDI Plus,2017,Diesel,28.4,1248,74.02,900000
Toyota Innova 2.5 V Diesel 7-seater,2008,Diesel,12.8,2494,102,570000
Nissan Micra Diesel XV,2011,Diesel,23.08,1461,63.1,254999
Maruti 800 AC BSIII,2009,Petrol,16.1,796,37,130000
Maruti Swift Dzire VDI,2013,Diesel,23.4,1248,74,530000
Volkswagen Polo 1.5 TDI Highline,2015,Diesel,20.14,1498,88.8,520000
Mahindra Verito 1.5 D2 BSIII,2011,Diesel,21,1461,64.1,229999
Maruti 800 AC BSIII,2004,Petrol,16.1,796,37,81000
Maruti Swift VDI Optional,2016,Diesel,25.2,1248,74,600000
Hyundai Xcent 1.2 Kappa S Option,2015,Petrol,19.1,1197,81.86,409999
Maruti 800 Std,2010,Petrol,16.1,796,37,120000
Maruti Celerio VXI,2014,Petrol,23.1,998,67.04,320000
Ford Figo Diesel EXI,2015,Diesel,20,1399,68.05,292000
Tata Safari DICOR 2.2 LX 4x2,2012,Diesel,13.93,2179,138.03,390000
Ford Figo 1.2P Titanium Plus MT,2016,Petrol,18.16,1196,86.8,550000
Maruti Celerio ZXI,2014,Petrol,23.1,998,67.04,385000
Hyundai Creta 1.6 VTVT S,2016,Petrol,15.29,1591,121.3,800000
Maruti Swift Dzire VXI 1.2,2019,Petrol,21.21,1197,81.8,675000
Tata Hexa XT,2018,Diesel,17.6,2179,153.86,1525000
Ford EcoSport 1.5 Diesel Titanium Plus BSIV,2018,Diesel,23,1498,98.96,950000
Hyundai i20 Active 1.4 SX with AVN,2015,Diesel,21.19,1396,88.73,610000
Hyundai i20 Asta 1.4 CRDi,2012,Diesel,22.54,1396,88.73,525000
Honda Amaze S CVT Diesel BSIV,2019,Diesel,23.8,1498,78.9,700000
Mahindra Bolero 2011-2019 SLE,2015,Diesel,15.96,2523,62.1,375000
Nissan Terrano XL Plus 85 PS,2015,Diesel,20.45,1461,83.8,580000
Maruti Swift VXI Windsong Limited edition,2015,Petrol,20.4,1197,83.11,434999
Datsun RediGO 1.0 S,2020,Petrol,22.5,999,67,350000
Toyota Innova 2.5 G (Diesel) 7 Seater,2012,Diesel,12.99,2494,100,730000
Hyundai i20 Magna 1.2,2015,Petrol,18.6,1197,81.83,600000
Toyota Innova 2.5 VX (Diesel) 7 Seater,2015,Diesel,12.99,2494,100.6,1050000
Maruti Baleno Alpha 1.3,2017,Diesel,27.39,1248,74,735000
Renault Duster 110PS Diesel RxZ,2018,Diesel,19.6,1461,108.45,1050000
Chevrolet Enjoy 1.3 TCDi LS 7,2016,Diesel,18.2,1248,73.74,420000
Maruti SX4 S Cross 2015-2017 DDiS 200 Zeta,2017,Diesel,23.65,1248,88.5,800000
Toyota Fortuner 4x2 AT,2015,Diesel,12.55,2982,168.5,2000000
Maruti Swift Dzire VDI,2016,Diesel,26.59,1248,74,600000
Toyota Fortuner 4x2 AT,2015,Diesel,12.55,2982,168.5,1900000
Chevrolet Captiva LT,2011,Diesel,11.5,1991,147.9,500000
Tata Indica Vista Aqua 1.4 TDI,2011,Diesel,17,1405,71,200000
Nissan Micra Active XL Petrol,2016,Petrol,19.49,1198,67.04,370000
Hyundai Verna Transform CRDi VGT SX ABS,2010,Diesel,16.2,1493,110,260000
Mahindra KUV 100 mFALCON D75 K8,2016,Diesel,25.32,1198,77,280000
Maruti Ertiga VXI,2014,Petrol,16.02,1373,93.7,610000
Ford Fiesta Titanium 1.5 TDCi,2013,Diesel,23.5,1498,90,300000
Tata Indigo CS LX DiCOR,2010,Diesel,16.6,1405,70,140000
Hyundai i10 Magna 1.1L,2008,Petrol,19.81,1086,68.05,229999
Maruti A-Star Vxi,2010,Petrol,19,998,66.1,200000
Maruti Wagon R VXI BSIII,2011,Petrol,18.9,998,67.1,200000
Hyundai Verna 1.6 CRDi S,2015,Diesel,23.9,1582,126.2,560000
Maruti Ertiga SHVS VDI,2016,Diesel,24.52,1248,88.5,750000
Maruti Swift VDI BSIV,2017,Diesel,25.2,1248,74,585000
Hyundai Verna 1.6 VTVT S Option,2016,Petrol,17.01,1591,121.4,760000
Maruti Swift VDI BSIV,2014,Diesel,25.2,1248,74,430000
Mahindra KUV 100 D75 K6 Plus,2020,Diesel,25.32,1198,77,480000
Kia Seltos HTE D,2019,Diesel,20.8,1493,113.4,643000
Hyundai Xcent 1.2 VTVT S,2018,Petrol,20.14,1197,81.86,500000
Honda Brio 1.2 S MT,2016,Petrol,18.5,1198,86.8,425000
Maruti Alto 800 LXI,2014,Petrol,22.74,796,47.3,250000
Maruti Celerio LDi,2016,Diesel,27.62,793,47,285000
Maruti Swift Dzire VXi,2008,Petrol,17.5,1298,85.8,160000
Volkswagen Vento Diesel Trendline,2011,Diesel,20.54,1598,103.6,250000
Chevrolet Beat LS,2013,Petrol,18.6,1199,79.4,170000
Toyota Etios Liva GD,2013,Diesel,23.59,1364,67.06,409999
Hyundai Grand i10 AT Asta,2015,Petrol,18.9,1197,82,400000
Maruti Swift Dzire VDI,2019,Diesel,28.4,1248,74.02,700000
Honda Civic 1.8 V AT,2007,Petrol,12.9,1799,130,350000
Maruti Ertiga BSIV VXI,2016,Petrol,17.5,1373,91.1,660000
Maruti Alto 800 VXI,2017,Petrol,24.7,796,47.3,268000
Maruti Alto 800 VXI,2016,Petrol,22.74,796,47.3,270000
Chevrolet Beat Diesel LT,2013,Diesel,25.44,936,57.6,300000
Tata Tiago 1.2 Revotron XZ,2017,Petrol,23.84,1199,84,450000
Chevrolet Beat Diesel LT,2012,Diesel,25.44,936,57.6,220000
Tata New Safari DICOR 2.2 VX 4x2,2009,Diesel,13.93,2179,138,250000
Ford Figo Petrol EXI,2012,Petrol,15.6,1196,70,300000
Tata Indica V2 2001-2011 DLS BSIII,2009,Diesel,17.88,1396,52.8,88000
Maruti Swift Dzire VDI,2016,Diesel,26.59,1248,74,561000
Maruti Swift Dzire VDI,2018,Diesel,28.4,1248,74.02,755000
Datsun RediGO S,2017,Petrol,22.7,799,53.64,235000
Maruti Alto K10 LXI,2011,Petrol,20.92,998,67.1,165000
Maruti Swift Dzire LDi,2008,Diesel,19.3,1248,73.9,190000
Tata Indica V2 DLX BSII,2011,Diesel,17.2,1396,53.5,110000
Mahindra Bolero 2011-2019 DI 4WD NON AC,2012,Diesel,13.6,2523,63,320000
Hyundai i20 Asta Option 1.2,2016,Petrol,18.6,1197,81.83,540000
Hyundai EON Era Plus,2013,Petrol,21.1,814,55.2,180000
Maruti Eeco 7 Seater Standard BSIV,2016,Petrol,15.37,1196,73,270000
Maruti Swift Dzire 1.2 Vxi BSIV,2012,Petrol,17.5,1197,85.8,450000
Maruti Swift Dzire VXI,2014,Petrol,19.1,1197,85.8,450000
Chevrolet Beat LT,2015,Petrol,18.6,1199,76.8,200000
Tata Tiago 1.2 Revotron XZ,2017,Petrol,23.84,1199,84,425000
Chevrolet Sail 1.2 LS ABS,2016,Petrol,18.2,1199,82.4,400000
Maruti Alto LXi BSIII,2009,Petrol,19.7,796,46.3,125000
Jeep Compass 2.0 Longitude Option BSIV,2018,Diesel,17.1,1956,170,1600000
Honda City i VTEC VX,2015,Petrol,17.4,1497,117.3,900000
Volkswagen Vento Diesel Highline,2012,Diesel,20.54,1598,103.6,450000
Maruti Alto K10 2010-2014 VXI,2011,Petrol,20.92,998,67.1,210000
Hyundai i20 1.2 Asta Option,2018,Petrol,18.6,1197,81.83,801000
Tata Venture EX 7 Str Captain Seats,2014,Diesel,15.42,1405,70,317000
Maruti Ertiga VXI,2015,Petrol,16.02,1373,93.7,600000
Hyundai i20 Magna,2014,Petrol,18.5,1197,82.85,330000
Hyundai EON Magna Plus,2017,Petrol,21.1,814,55.2,320000
Hyundai Getz GLX,2007,Petrol,15.3,1341,83,120000
Maruti Alto LXi,2009,Petrol,19.7,796,46.3,130000
Chevrolet Sail 1.2 LS,2015,Petrol,18.2,1199,82.4,220000
Tata Zest Revotron 1.2T XM,2015,Petrol,17.57,1193,88.7,340000
Ford Classic 1.4 Duratorq CLXI,2013,Diesel,19.68,1399,67,200000
Maruti Alto LXI,2002,Petrol,19.7,796,46.3,140000
Toyota Innova 2.5 G (Diesel) 8 Seater,2013,Diesel,12.99,2494,100.6,1000000
Mahindra Bolero SLX,2010,Diesel,13.6,2523,63,495000
Maruti Alto 800 LXI,2015,Petrol,22.74,796,47.3,236000
Maruti Wagon R VXI BS IV,2015,Petrol,20.51,998,67.04,390000
Maruti Swift Dzire VDi,2009,Diesel,19.3,1248,73.9,275000
Tata Safari Storme EX,2015,Diesel,14.1,2179,147.94,503000
Maruti Vitara Brezza ZDi Plus Dual Tone,2017,Diesel,24.3,1248,88.5,775000
Toyota Innova Crysta 2.8 ZX AT BSIV,2016,Diesel,11.36,2755,171.5,1800000
Hyundai Creta 1.6 CRDi SX,2016,Diesel,19.67,1582,126.2,850000
Maruti Vitara Brezza VDi,2018,Diesel,24.3,1248,88.5,750000
Hyundai i20 1.2 Spotz,2018,Petrol,18.6,1197,81.83,570000
Hyundai Grand i10 1.2 Kappa Sportz BSIV,2018,Petrol,18.9,1197,81.86,580000
Honda Jazz 1.2 VX i VTEC,2016,Petrol,18.7,1199,88.7,484999
Honda BR-V i-VTEC S MT,2017,Petrol,15.4,1497,117.3,700000
Hyundai Verna S,2012,Petrol,17.7,1497,113.42,415000
Nissan Micra XV CVT,2015,Petrol,19.34,1198,76,325000
Ford Figo Aspire 1.2 Ti-VCT Trend,2018,Petrol,18.16,1196,86.8,550000
Hyundai EON Sportz,2017,Petrol,21.1,814,55.2,300000
Datsun RediGO T Option,2018,Petrol,22.7,799,53.64,217000
Ford Freestyle Titanium Petrol BSIV,2018,Petrol,19,1194,94.68,700000
Hyundai Santro Sportz AMT BSIV,2019,Petrol,20.3,1086,68,466000
Ford EcoSport 1.5 Diesel Trend BSIV,2014,Diesel,23,1498,98.96,484999
Nissan Sunny XL D,2018,Diesel,22.71,1461,84.8,670000
Hyundai Grand i10 1.2 Kappa Sportz BSIV,2018,Petrol,18.9,1197,81.86,500000
Maruti SX4 S Cross 2015-2017 DDiS 200 Zeta,2016,Diesel,23.65,1248,88.5,675000
Hyundai i20 1.4 CRDi Asta,2011,Diesel,23,1396,90,220000
Jeep Compass 2.0 Limited,2017,Diesel,17.1,1956,170,1650000
Maruti Ertiga ZDI,2013,Diesel,20.77,1248,88.8,630000
Tata Manza Aura Quadrajet,2010,Diesel,18.8,1248,90,250000
Maruti Wagon R LXI,2004,Petrol,18.9,998,67.1,120000
Skoda Rapid 1.5 TDI Elegance,2015,Diesel,21.14,1498,103.52,300000
Hyundai Verna 1.6 CRDi EX AT,2013,Diesel,22.32,1582,126.3,525000
Mahindra Scorpio 1.99 S10,2016,Diesel,15.4,1997,120,1100000
Renault Duster 110PS Diesel RxZ,2012,Diesel,19.01,1461,108.45,480000
Mahindra XUV500 W4,2014,Diesel,15.1,2179,140,605000
Maruti Alto 800 LXI Optional,2016,Petrol,24.7,796,47.3,250000
Ford Figo Diesel Celebration Edition,2013,Diesel,20,1399,68.1,245000
Hyundai i10 Magna 1.2 iTech SE,2012,Petrol,20.36,1197,78.9,210000
Maruti Swift Dzire VXI 1.2,2020,Petrol,21.21,1197,81.8,730000
Mahindra Bolero 2011-2019 SLX,2012,Diesel,15.96,2523,62.1,500000
Maruti Wagon R VXI Optional,2015,Petrol,20.51,998,67.04,400000
Hyundai EON Magna Plus,2015,Petrol,21.1,814,55.2,280000
Toyota Innova 2.5 G (Diesel) 8 Seater BS IV,2009,Diesel,12.8,2494,102,561000
Mitsubishi Pajero Sport 4X4,2013,Diesel,13.5,2477,175.56,950000
Chevrolet Beat Diesel LS,2016,Diesel,25.44,936,56.3,375000
Volkswagen Ameo 1.5 TDI Comfortline,2017,Diesel,21.66,1498,108.62,700000
Toyota Etios VX,2012,Petrol,17.6,1496,88.7,375000
Hyundai EON Era Plus,2012,Petrol,21.1,814,55.2,270000
Renault KWID RXT,2016,Petrol,25.17,799,53.3,300000
Maruti Zen Estilo VXI BSIV,2010,Petrol,19,998,67.1,225000
Toyota Innova 2.5 G (Diesel) 8 Seater,2015,Diesel,12.99,2494,100.6,1350000
Maruti Zen Estilo LXI BSIII,2010,Petrol,18.2,998,67.1,200000
Hyundai Verna 1.6 SX,2011,Diesel,22.32,1582,126.32,400000
Honda Amaze VX i-DTEC,2013,Diesel,25.8,1498,98.6,500000
Maruti Swift VXI BSIV,2015,Petrol,22,1197,81.8,500000
Toyota Fortuner 2.8 2WD MT,2013,Diesel,14.24,2755,174.5,1500000
Ford Ecosport 1.5 Ti VCT MT Titanium,2015,Petrol,15.8,1499,110,555000
Hyundai Grand i10 1.2 Kappa Magna AT,2018,Petrol,18.9,1197,81.86,580000
Tata Aria Pride,2011,Diesel,13.7,2179,138.1,337000
Tata Sumo CX 10 Str BSIV,2011,Diesel,12.2,1948,68,175000
Tata Manza Aura Plus Quadrajet,2009,Diesel,18.8,1248,90,180000
Hyundai i10 Sportz 1.1L,2011,Petrol,19.81,1086,68.05,200000
Tata Indigo CS LX (TDI) BS-III,2016,Diesel,19.09,1405,69.01,260000
Renault KWID 1.0 RXT Optional,2016,Petrol,23.01,999,67,350000
Mahindra Bolero SLX,2011,Diesel,13.6,2523,63,409999
Mahindra TUV 300 T8,2017,Diesel,18.49,1493,100,655000
Maruti Swift Dzire LDI,2015,Diesel,26.59,1248,74,370000
Maruti Alto 800 LXI,2013,Petrol,22.74,796,47.3,200000
Maruti Ertiga SHVS ZDI,2017,Diesel,24.52,1248,88.5,800000
Tata Tiago NRG Petrol,2019,Petrol,24,1199,83.81,550000
Ford Figo Diesel ZXI,2012,Diesel,20,1399,68,300000
Maruti Omni E MPI STD BS IV,2017,Petrol,16.8,796,34.2,220000
Maruti Wagon R LXI BS IV,2011,Petrol,18.9,998,67.1,196000
Hyundai i10 Era,2008,Petrol,19.81,1086,68.05,135000
Tata Bolt Revotron XE,2015,Petrol,17.57,1193,88.7,299000
Maruti Alto K10 VXI,2017,Petrol,23.95,998,67.05,300000
Maruti Ertiga SHVS VDI,2017,Diesel,24.52,1248,88.5,720000
Tata Safari Storme EX,2016,Diesel,14.1,2179,147.94,650000
Maruti Alto K10 VXI,2016,Petrol,23.95,998,67.05,300000
Hyundai Grand i10 1.2 CRDi Asta,2019,Diesel,24,1186,73.97,750000
Renault KWID RXT,2016,Petrol,25.17,799,53.3,260000
Maruti Swift VDI,2011,Diesel,22.9,1248,74,300000
Mahindra Bolero 2011-2019 SLX,2014,Diesel,15.96,2523,62.1,600000
Honda Aord V6 AT,2004,Petrol,9,2997,218,275000
Maruti Alto K10 VXI,2015,Petrol,23.95,998,67.05,250000
Maruti Swift Dzire VDI,2014,Diesel,23.4,1248,74,420000
Hyundai EON Era Plus,2015,Petrol,21.1,814,55.2,235000
Mahindra Scorpio S10 7 Seater,2016,Diesel,15.4,2179,120,1100000
Maruti Alto K10 VXI,2019,Petrol,23.95,998,67.05,360000
Hyundai Grand i10 CRDi Asta,2014,Diesel,24,1120,70,380000
Ford EcoSport 1.5 TDCi Titanium BSIV,2016,Diesel,22.77,1498,98.59,650000
Maruti Wagon R VXI Optional,2016,Petrol,20.51,998,67.04,350000
Mahindra Bolero 2011-2019 DI - AC BS III,2017,Diesel,15.96,2523,63,700000
Hyundai i20 Asta (o) 1.4 CRDi (Diesel),2010,Diesel,23,1396,90,270000
Tata Bolt Quadrajet XE,2017,Diesel,22.95,1248,74,450000
Mahindra Thar CRDe,2016,Diesel,16.55,2498,105,630000
Mahindra Xylo E4 BS IV,2010,Diesel,14,2498,112,229999
Mahindra Xylo E4 BS IV,2010,Diesel,14,2498,112,229999
Maruti Wagon R VXI BS IV,2011,Petrol,18.9,998,67.1,270000
Maruti Wagon R VXI BS IV,2012,Petrol,18.9,998,67.1,275000
Jaguar XE 2016-2019 2.0L Diesel Prestige,2017,Diesel,13.6,1999,177,2625000
Lexus ES 300h,2019,Petrol,22.37,2487,214.56,5150000
Jaguar XF 2.0 Diesel Portfolio,2017,Diesel,19.33,1999,177,3200000
Tata Safari Storme EX,2015,Diesel,14.1,2179,147.94,503000
Volvo XC40 D4 Inscription BSIV,2019,Diesel,18,1969,190,3800000
Toyota Camry 2.5 Hybrid,2016,Petrol,19.16,2494,157.7,2000000
Maruti Wagon R LXI,2013,Petrol,21.79,998,67.05,225000
Maruti Baleno Alpha 1.3,2018,Diesel,27.39,1248,74,740000
Honda Jazz VX,2016,Petrol,18.2,1199,88.7,550000
Toyota Innova 2.5 VX (Diesel) 7 Seater,2013,Diesel,12.99,2494,100.6,750000
Maruti Swift AMT VVT VXI,2019,Petrol,22,1197,81.8,650000
Toyota Etios VX,2017,Petrol,16.78,1496,88.73,625000
Maruti Swift AMT ZXI,2018,Petrol,22,1197,81.8,600000
Hyundai Grand i10 1.2 CRDi Sportz,2017,Diesel,24,1186,73.97,450000
BMW X4 M Sport X xDrive20d,2019,Diesel,16.78,1995,190,5400000
BMW X4 M Sport X xDrive20d,2019,Diesel,16.78,1995,190,5500000
Honda Amaze V CVT Petrol BSIV,2019,Petrol,19,1199,88.76,779000
Skoda Rapid 1.6 MPI AT Elegance,2016,Petrol,14.3,1598,103.5,645000
Volvo V40 D3 R-Design,2018,Diesel,16.8,1984,150,2475000
Mahindra TUV 300 T8,2015,Diesel,18.49,1493,100,634000
Maruti A-Star Zxi,2012,Petrol,19,998,66.1,235000
Hyundai i10 Asta,2008,Petrol,20.36,1197,78.9,275000
Mahindra Thar CRDe AC,2014,Diesel,16.55,2498,105,700000
Fiat Grande Punto Sport 90,2013,Diesel,20.3,1248,92,400000
Maruti Alto LXi,2012,Petrol,19.7,796,46.3,215000
Hyundai Getz 1.5 CRDi GVS,2009,Diesel,17.1,1493,110,150000
Maruti S-Cross 2017-2020 Zeta DDiS 200 SH,2018,Diesel,25.1,1248,88.5,950000
Mahindra TUV 300 T8,2015,Diesel,18.49,1493,100,730000
Tata Indica V2 Turbomax DLS BS IV,2012,Diesel,19,1405,71,135000
Hyundai Xcent 1.2 Kappa Base,2016,Petrol,19.1,1197,82,350000
Mahindra KUV 100 G80 K6 Plus,2018,Petrol,18.15,1198,82,535000
Maruti Swift Dzire Tour S CNG,2018,Petrol,19,1197,85.8,455000
Maruti Swift Dzire VXI 1.2,2019,Petrol,21.21,1197,81.8,655000
Ford EcoSport 1.5 Diesel Titanium BSIV,2019,Diesel,23,1498,98.96,800000
Toyota Yaris V CVT BSIV,2018,Petrol,17.8,1496,105.5,1100000
Mercedes-Benz E-Class E250 CDI Avantgarde,2016,Diesel,13,2143,204,3000000
Toyota Fortuner 4x2 4 Speed AT,2012,Diesel,11.5,2982,169,1225000
Mahindra KUV 100 G80 K2,2018,Petrol,18.15,1198,82,340000
Volkswagen Vento Diesel Highline,2011,Diesel,20.54,1598,103.6,300000
Ford Figo 1.2P Titanium Opt MT,2016,Petrol,18.16,1196,86.8,370000
Mahindra Bolero 2011-2019 SLE,2013,Diesel,15.96,2523,62.1,330000
Hyundai Santro Xing GLS,2014,Petrol,17.92,1086,62.1,238000
Hyundai Santro Xing GLS,2013,Petrol,17.92,1086,62.1,200000
Nissan Sunny Diesel XV,2014,Diesel,22.71,1461,84.8,320000
Hyundai Santro Xing GL Plus,2009,Petrol,17.92,1086,62.1,114999
Maruti Wagon R LXI BS IV,2015,Petrol,20.51,998,67.04,320000
Hyundai i10 Era,2010,Petrol,19.81,1086,68.05,210000
Mahindra Xylo D2 BS IV,2011,Diesel,14,2489,95,200000
Maruti Wagon R LXI Minor,2009,Petrol,18.9,1061,67,135000
Tata Indigo CS LS (TDI) BS-III,2015,Diesel,19.09,1405,69.01,350000
Mahindra Bolero 2011-2019 DI BSIII,2014,Diesel,13.6,2523,63,350000
Maruti Swift Dzire VDI,2017,Diesel,28.4,1248,74.02,680000
Maruti Swift Vdi BSIII,2010,Diesel,17.8,1248,75,200000
Renault KWID 1.0 RXT Optional,2016,Petrol,23.01,999,67,300000
Mahindra Xylo E6,2011,Diesel,14,2498,112,270000
Maruti Wagon R LXI BSIII,2012,Petrol,18.9,998,67.1,225000
Mahindra Bolero DI DX 8 Seater,2008,Diesel,13.6,2523,63,250000
Mahindra TUV 300 T8,2015,Diesel,18.49,1493,100,590000
Hyundai EON Era Plus,2015,Petrol,21.1,814,55.2,290000
Maruti Zen Estilo LXI BS IV,2010,Petrol,19,998,67.1,100000
Maruti Celerio VXI,2016,Petrol,23.1,998,67.04,395000
Hyundai EON Era Plus,2014,Petrol,21.1,814,55.2,195000
Tata Nano Cx,2011,Petrol,26,624,35,45000
Mahindra Bolero DI DX 8 Seater,2009,Diesel,13.6,2523,63,270000
Chevrolet Tavera Neo 3 LT 9 Seats BSIII,2014,Diesel,13.58,2499,72.4,600000
Hyundai i20 Asta 1.4 CRDi,2015,Diesel,22.54,1396,88.73,715000
Hyundai Elite i20 Magna Plus BSIV,2019,Petrol,18.6,1197,81.86,600000
Mahindra TUV 300 T6 Plus,2019,Diesel,18.49,1493,100,875000
Mahindra Scorpio M2DI,2011,Diesel,13.5,2179,115,420000
Honda CR-V 2.4 4WD AT,2007,Petrol,10.1,2354,152,325000
Datsun GO Anniversary Edition,2017,Petrol,20.63,1198,67.06,385000
Mahindra KUV 100 mFALCON G80 K2,2016,Petrol,18.15,1198,82,300000
Hyundai i20 Sportz 1.4 CRDi,2012,Diesel,21.9,1396,88.76,335000
Maruti Celerio LXI,2014,Petrol,23.1,998,67.04,300000
Hyundai Aent GLE,2004,Petrol,13.2,1495,94,80000
Mahindra Bolero 2011-2019 SLE,2012,Diesel,15.96,2523,62.1,400000
Tata Indigo CS LS (TDI) BS III,2012,Diesel,19.09,1396,69,168000
Mahindra Bolero 2011-2019 Plus AC,2016,Diesel,15.96,2523,62.1,550000
Mahindra Bolero PLUS AC BSIII,2011,Diesel,13.6,2523,63,320000
Mahindra Bolero 2011-2019 Plus - AC BSIII,2011,Diesel,15.96,2523,63,320000
Nissan Sunny XE,2011,Petrol,16.95,1498,97.7,350000
Tata Manza Club Class Quadrajet90 VX,2013,Diesel,21.02,1248,88.76,280000
Hyundai Xcent 1.1 CRDi SX Option,2017,Diesel,24.4,1120,71,550000
Hyundai Xcent 1.2 VTVT E Plus,2018,Petrol,20.14,1197,81.86,500000
Ford Freestyle Titanium Plus Petrol BSIV,2019,Petrol,19,1194,94.68,700000
Skoda Rapid Ultima 1.6 TDI Elegance,2013,Diesel,20.5,1598,103.5,380000
Mahindra Bolero 2011-2019 Plus - AC BSIII,2012,Diesel,15.96,2523,63,340000
Mahindra Bolero 2011-2019 Plus-AC Plus PS BSIII,2007,Diesel,13.6,2523,63,160000
Toyota Innova 2.5 G (Diesel) 7 Seater,2014,Diesel,12.99,2494,100.6,750000
Hyundai Grand i10 1.2 Kappa Magna AT,2018,Petrol,18.9,1197,81.86,531000
Renault KWID 1.0 RXT Optional,2017,Petrol,23.01,999,67,300000
Volkswagen Polo 1.5 TDI Comfortline,2014,Diesel,20.14,1498,88.8,350000
Chevrolet Beat LT,2010,Petrol,18.6,1199,79.4,150000
Maruti Swift VXI Optional,2015,Petrol,20.4,1197,81.8,450000
Mahindra XUV500 W10 2WD,2017,Diesel,16,2179,140,1625000
Tata Tiago 1.05 Revotorq XM,2017,Diesel,27.28,1047,69,360000
Maruti Alto K10 VXI,2020,Petrol,23.95,998,67.05,390000
Maruti Eeco 7 Seater Standard BSIV,2011,Petrol,15.37,1196,73,145000
Mahindra Scorpio VLX 2WD AIRBAG SE BSIV,2012,Diesel,12.05,2179,120,540000
Toyota Innova 2.5 E Diesel MS 8-seater,2008,Diesel,12.8,2494,102,290000
Tata Indigo eCS VX BSIV,2013,Diesel,25,1396,69,300000
Ford Figo Aspire 1.2 Ti-VCT Titanium,2017,Petrol,18.16,1196,86.8,565000
Mahindra Scorpio 2.6 CRDe SLE,2011,Diesel,10.5,2609,120,441000
Hyundai EON Era Plus,2011,Petrol,21.1,814,55.2,180000
Hyundai EON D Lite,2013,Petrol,21.1,814,55.2,200000
Maruti Alto LX,2005,Petrol,19.7,796,46.3,85000
Tata Indica V2 DL BSIII,2006,Diesel,17.88,1396,52.8,67500
Maruti Vitara Brezza ZDi Plus Dual Tone,2016,Diesel,24.3,1248,88.5,700000
Volkswagen Polo Diesel Highline 1.2L,2010,Diesel,22.07,1199,73.9,275000
Hyundai Grand i10 1.2 Kappa Sportz BSIV,2019,Petrol,18.9,1197,81.86,600000
Mahindra Xylo D2,2011,Diesel,13,2489,95,250000
Mahindra Bolero 2011-2019 DI - AC BS III,2016,Diesel,15.96,2523,63,600000
Fiat Linea 1.3 Active,2010,Diesel,20.4,1248,91.2,200000
Hyundai Grand i10 CRDi Sportz,2015,Diesel,24,1120,70,425000
Maruti Swift Dzire VDi,2012,Diesel,19.3,1248,73.9,420000
Hyundai i20 1.4 CRDi Era,2012,Diesel,23,1396,90,321000
Mahindra Xylo D4 BSIV,2012,Diesel,14,2498,112,350000
Honda Amaze i-VTEC Privilege Edition,2017,Petrol,17.8,1198,86.7,490000
Mahindra Scorpio S2 7 Seater,2015,Diesel,15.4,2523,75,680000
Maruti Alto K10 VXI,2016,Petrol,23.95,998,67.05,298000
Tata Indica Vista Quadrajet ZX,2012,Diesel,22.3,1248,74,250000
Ford Endeavour Hurricane Limited Edition,2013,Diesel,12.8,2953,156,1075000
Hyundai Grand i10 Sportz,2017,Petrol,18.9,1197,82,500000
Ford Freestyle Trend Petrol BSIV,2019,Petrol,19,1194,94.68,681000
Mahindra XUV500 W8 2WD,2014,Diesel,15.1,2179,140,650000
Chevrolet Aveo U-VA 1.2 LS,2008,Petrol,15.26,1150,74.9,80000
Mahindra Bolero SLX 2WD BSIII,2009,Diesel,13.6,2523,63,290000
Mahindra Scorpio 2.6 SPORTZ CRDe,2006,Diesel,10.5,2179,120,220000
Datsun RediGO Sport,2017,Petrol,22.7,799,53,229999
Mahindra Bolero ZLX BSIII,2003,Diesel,13.6,2523,63,150000
Maruti Swift Dzire VXI,2014,Petrol,19.1,1197,85.8,500000
Tata Indigo CS LS (TDI) BS III,2013,Diesel,19.09,1396,69,175000
Ford Freestyle Titanium Petrol BSIV,2019,Petrol,19,1194,94.68,720000
Maruti 800 AC,2012,Petrol,16.1,796,37,100000
Honda Civic 1.8 V AT,2009,Petrol,12.9,1799,130,250000
Mahindra XUV500 W6 2WD,2014,Diesel,15.1,2179,140,810000
Maruti Alto LXi,2010,Petrol,19.7,796,46.3,165000
Chevrolet Tavera Neo 3 LS 10 Str,2016,Diesel,12.2,1994,105.3,409999
Maruti Swift VDI,2013,Diesel,22.9,1248,74,430000
Datsun GO Plus D1,2015,Petrol,20.62,1198,67,300000
Maruti Swift Dzire VDi,2011,Diesel,19.3,1248,73.9,350000
Renault KWID 1.0 RXT Optional,2018,Petrol,23.01,999,67,400000
Chevrolet Enjoy 1.3 TCDi LS 7,2016,Diesel,18.2,1248,73.74,420000
Maruti Wagon R VXI BS IV,2015,Petrol,20.51,998,67.04,430000
Maruti Swift VXI Optional,2017,Petrol,20.4,1197,81.8,573000
Hyundai EON D Lite Plus,2015,Petrol,21.1,814,55.2,210000
Renault Duster 110PS Diesel RxZ,2015,Diesel,19.01,1461,108.45,600000
Honda City 2017-2020 GXi,2008,Petrol,17.7,1497,78,150000
Tata Tigor 1.2 Revotron XT,2019,Petrol,20.3,1199,84,550000
Maruti Swift Dzire ZDi,2011,Diesel,19.3,1248,73.9,320000
Maruti 800 AC,2000,Petrol,16.1,796,37,80000
Honda Amaze VX Diesel BSIV,2019,Diesel,27.4,1498,98.63,800000
Maruti Ertiga ZXI,2013,Petrol,16.02,1373,93.7,500000
Tata Manza Aura Quadrajet,2011,Diesel,18.8,1248,90,229999
Maruti Ertiga ZXI,2013,Petrol,16.02,1373,93.7,500000
Hyundai i20 Asta 1.2,2015,Petrol,18.6,1197,81.83,630000
Maruti Omni E MPI STD BS IV,2016,Petrol,16.8,796,34.2,190000
Tata Manza Aura Quadrajet,2011,Diesel,18.8,1248,90,229999
Mahindra Bolero VLX CRDe,2011,Diesel,13.6,2523,63,450000
Maruti Alto Std,2008,Petrol,19.7,796,46.3,95000
Maruti Omni 8 Seater BSII,2009,Petrol,19.7,796,35,101000
Honda Amaze E i-Dtech,2016,Diesel,25.8,1498,98.6,500000
Toyota Innova 2.5 VX (Diesel) 7 Seater,2014,Diesel,12.99,2494,100.6,1019999
Hyundai EON Era Plus,2012,Petrol,21.1,814,55.2,244000
Maruti Wagon R LXI BS IV,2013,Petrol,20.51,998,67.04,250000
Maruti Baleno Alpha 1.2,2016,Petrol,21.4,1197,83.1,660000
Hyundai i20 Magna,2010,Petrol,18.5,1197,80,270000
Maruti Ritz VDi,2012,Diesel,23.2,1248,73.94,280000
Hyundai Creta 1.6 CRDi SX,2017,Diesel,19.67,1582,126.2,1050000
Maruti Swift Dzire VXI,2017,Petrol,20.85,1197,83.14,525000
Hyundai Verna 1.6 CRDi S,2017,Diesel,23.9,1582,126.2,850000
Mahindra XUV500 W10 1.99 mHawk,2016,Diesel,16,1997,140,1165000
Maruti Swift ZXI,2012,Petrol,18.6,1197,85.8,345000
Hyundai Santro Xing XS,2007,Petrol,17.8,1086,63,95000
Maruti Alto 800 LXI,2015,Petrol,22.74,796,47.3,241000
Maruti Alto 800 LXI,2015,Petrol,22.74,796,47.3,235000
Ford EcoSport 1.5 TDCi Titanium Plus BSIV,2015,Diesel,22.77,1498,98.59,615000
Mahindra Verito Vibe 1.5 dCi D4,2014,Diesel,20.8,1461,64.1,350000
Maruti Wagon R Stingray VXI,2014,Petrol,20.51,998,67.04,350000
Maruti Wagon R Stingray VXI,2014,Petrol,20.51,998,67.04,380000
Tata Sumo Gold EX BSIII,2017,Diesel,14.07,2956,69.01,400000
Maruti Zen Estilo LXI BS IV,2010,Petrol,19,998,67.1,220000
Tata Sumo GX,2008,Diesel,14.4,2179,120,270000
Maruti Ritz ZXi,2012,Petrol,18.5,1197,85.8,275000
Tata Indica Vista Terra 1.4 TDI,2009,Diesel,17,1405,71,125000
Hyundai i10 Sportz 1.1L,2015,Petrol,19.81,1086,68.05,360000
Hyundai Grand i10 1.2 Kappa Sportz BSIV,2019,Petrol,18.9,1197,81.86,550000
Ford Fiesta 1.4 ZXi Duratec,2011,Petrol,16.6,1388,68,200000
Mahindra KUV 100 mFALCON G80 K2,2016,Petrol,18.15,1198,82,327000
Hyundai i10 Sportz 1.1L,2016,Petrol,19.81,1086,68.05,425000
Maruti Swift Dzire VDI,2017,Diesel,28.4,1248,74.02,620000
Tata Indica Vista Aqua 1.3 Quadrajet BSIV,2011,Diesel,18.4,1248,75,130000
Maruti Alto LX,2009,Petrol,19.7,796,46.3,120000
Mahindra Scorpio SLE BSIV,2011,Diesel,12.05,2179,120,400000
Hyundai Verna CRDi SX,2007,Diesel,16.8,1493,110,185000
Hyundai EON 1.0 Kappa Magna Plus,2015,Petrol,20.3,998,68.05,204999
Maruti Swift Dzire VDI,2017,Diesel,28.4,1248,74.02,625000
Maruti Ertiga ZDI,2013,Diesel,20.77,1248,88.8,600000
Tata Indigo GLX,2011,Petrol,12.8,1396,85,150000
Renault KWID 1.0 RXT Optional,2017,Petrol,23.01,999,67,300000
Chevrolet Sail Hatchback Petrol,2013,Petrol,18.2,1199,84.8,229999
Maruti Omni E MPI STD BS IV,2018,Petrol,16.8,796,34.2,220000
Hyundai i20 Asta Option 1.2,2016,Petrol,18.6,1197,81.83,576000
Renault KWID RXT,2016,Petrol,25.17,799,53.3,265000
Hyundai Verna 1.6 VGT CRDi,2011,Diesel,22.32,1582,126.32,300000
Tata Tigor 1.05 Revotorq XZ,2017,Diesel,24.7,1047,69,420000
Maruti Ertiga VDI,2015,Diesel,20.77,1248,88.76,750000
Renault KWID RXT,2017,Petrol,25.17,799,53.3,290000
Hyundai EON Era,2011,Petrol,21.1,814,55.2,160000
Maruti Swift Dzire ZDI,2017,Diesel,26.59,1248,74,695000
Toyota Corolla Altis D-4D J,2015,Diesel,21.43,1364,87.2,1050000
Hyundai i20 Sportz 1.2,2013,Petrol,18.5,1197,82.85,400000
Hyundai i20 2015-2017 Sportz 1.2,2016,Petrol,18.6,1197,81.83,500000
Tata Manza Aqua Quadrajet BS IV,2010,Diesel,21.12,1248,88.8,150000
Mahindra Xylo H4,2016,Diesel,14.02,2179,118.3,400000
Tata Indigo LS,2010,Diesel,17,1405,70,120000
Mahindra Xylo H4,2014,Diesel,14.02,2179,118.3,480000
Tata Indigo CS LX (TDI) BS-III,2013,Diesel,19.09,1405,69.01,200000
Ford Fiesta Classic 1.4 Duratorq CLXI,2012,Diesel,17.8,1399,67,300000
Maruti Celerio VXI,2015,Petrol,23.1,998,67.04,350000
Renault Triber RXT BSIV,2019,Petrol,20,999,72,580000
Chevrolet Beat Diesel LT,2012,Diesel,25.44,936,57.6,200000
Mahindra Scorpio Getaway,2016,Diesel,11,2179,120,750000
Renault KWID RXT,2016,Petrol,25.17,799,53.3,261000
Chevrolet Sail 1.2 LS ABS,2015,Petrol,18.2,1199,82.4,371000
Mahindra Bolero DI Non AC BSIII,2010,Diesel,13.6,2523,63,320000
Tata Indigo CS LX (TDI) BS III,2012,Diesel,19.09,1396,69,204999
Hyundai Aent GLX,2003,Petrol,13.2,1495,94,110000
Ford Fusion 1.4 TDCi Diesel,2009,Diesel,17.7,1399,68,150000
Mahindra Bolero 2011-2019 SLX,2016,Diesel,15.96,2523,62.1,625000
Mahindra Scorpio 1.99 S10,2017,Diesel,15.4,1997,120,1300000
Skoda Octavia Ambition 2.0 TDI MT,2015,Diesel,20.6,1968,141,900000
Ford Figo Diesel Titanium,2010,Diesel,20,1399,68,180000
Mahindra Bolero SLX,2010,Diesel,13.6,2523,63,421000
Tata Indigo CS LX (TDI) BS III,2012,Diesel,19.09,1396,69,204999
Honda WR-V i-DTEC VX,2017,Diesel,25.5,1498,98.6,900000
Honda City 2017-2020 GXi,2006,Petrol,17.7,1497,78,165000
Hyundai i20 Magna 1.4 CRDi,2010,Diesel,21.9,1396,90,270000
Maruti Vitara Brezza VDi,2017,Diesel,24.3,1248,88.5,750000
Hyundai Elite i20 Petrol Asta Option,2019,Petrol,18.6,1197,81.86,750000
Maruti 800 Std,2002,Petrol,16.1,796,37,40000
Ford Figo Diesel Titanium,2011,Diesel,20,1399,68,190000
Toyota Innova 2.5 G4 Diesel 7-seater,2009,Diesel,12.8,2494,102,395000
Toyota Fortuner 3.0 Diesel,2010,Diesel,11.5,2982,171,800000
Hyundai i20 1.2 Sportz,2011,Petrol,17,1197,80,315000
Audi A4 2.0 TDI,2014,Diesel,16.55,1968,147.51,1600000
Toyota Etios GD,2013,Diesel,23.59,1364,67.04,409999
Hyundai Grand i10 1.2 Kappa Sportz BSIV,2018,Petrol,18.9,1197,81.86,580000
Hyundai i20 Sportz 1.2,2013,Petrol,18.5,1197,82.85,340000
Hyundai EON Magna Plus,2015,Petrol,21.1,814,55.2,270000
Tata Zest Quadrajet 1.3 75PS XE,2017,Diesel,22.95,1248,74,280000
Tata Indica Vista Quadrajet VX,2012,Diesel,22.3,1248,74,130000
Hyundai EON Era Plus,2014,Petrol,21.1,814,55.2,260000
Hyundai Grand i10 1.2 CRDi Asta,2018,Diesel,24,1186,73.97,710000
Maruti Eeco Smiles 7 Seater Standard,2013,Petrol,15.1,1196,73,204999
Datsun GO Plus Anniversary Edition,2017,Petrol,20.62,1198,67,300000
Maruti Swift Dzire VDi,2009,Diesel,19.3,1248,73.9,180000
Mahindra TUV 300 T6 Plus,2016,Diesel,18.49,1493,100,700000
Hyundai i20 1.4 CRDi Magna,2012,Diesel,21.9,1396,90,320000
Maruti Alto 800 VXI Plus,2020,Petrol,22.05,796,47.3,370000
Renault KWID RXT Optional,2018,Petrol,25.17,799,53.3,340000
Maruti XL6 Alpha,2019,Petrol,19.01,1462,103.2,1040000
Hyundai i20 Active SX Diesel,2018,Diesel,21.19,1396,88.76,750000
Mahindra TUV 300 Plus P4 BSIV,2018,Diesel,18.49,2179,120,600000
Mahindra Bolero 2011-2019 DI - AC BS III,2016,Diesel,15.96,2523,63,550000
Toyota Innova 2.5 EV (Diesel) PS 7 Seater BS IV,2013,Diesel,12.99,2494,100.57,600000
Tata Tigor 1.05 Revotorq XZ Option,2017,Diesel,24.7,1047,69,550000
Honda City i DTEC VX Option,2015,Diesel,25.1,1498,98.6,750000
Hyundai Santro Magna BSIV,2019,Petrol,20.3,1086,68,450000
Maruti Ertiga VDI,2012,Diesel,20.77,1248,88.76,400000
Maruti Swift VDI Optional,2016,Diesel,25.2,1248,74,520000
Maruti Alto K10 Knightracer,2013,Petrol,20.2,998,67.1,199000
Chevrolet Beat Diesel LT,2012,Diesel,25.44,936,57.6,150000
Hyundai i20 Active 1.4 SX with AVN,2016,Diesel,21.19,1396,88.73,540000
Maruti SX4 ZDI,2011,Diesel,21.5,1248,88.8,250000
Maruti Wagon R LXI Minor,2010,Petrol,18.9,1061,67,200000
Tata Indica V2 2001-2011 eLX,2011,Diesel,25,1396,69,130000
Maruti 800 AC,2007,Petrol,16.1,796,37,90000
Hyundai Verna 1.6 SX,2012,Diesel,22.32,1582,126.32,450000
Hyundai Verna CRDi SX ABS,2009,Diesel,18.1,1493,110,280000
Tata New Safari 3L Dicor LX 4x2,2007,Diesel,13.93,2956,138.1,280000
Maruti Zen LXI,2006,Petrol,17.3,993,60,120000
Maruti Swift Ldi BSIII,2008,Diesel,17.8,1248,75,290000
Hyundai Creta 1.4 EX Diesel,2019,Diesel,22.1,1396,88.7,1000000
Maruti Swift Dzire VDi,2012,Diesel,19.3,1248,73.9,415000
Maruti Swift Dzire VDI,2012,Diesel,23.4,1248,74,415000
Chevrolet Beat Diesel LT,2015,Diesel,25.44,936,56.3,240000
Tata Indica Vista Aura 1.3 Quadrajet (ABS) BS IV,2010,Diesel,18.4,1248,75,250000
Ford Figo Diesel EXI,2011,Diesel,20,1399,68,175000
Hyundai Verna CRDi SX,2008,Diesel,16.8,1493,110,220000
Maruti Zen D,2003,Diesel,20.8,1527,58,85000
Maruti Swift Dzire VXI 1.2,2019,Petrol,21.21,1197,81.8,675000
Renault Duster 85PS Diesel RxL,2016,Diesel,19.87,1461,83.8,535000
Renault Triber RXZ BSIV,2019,Petrol,20,999,72,675000
Maruti Vitara Brezza ZDi Plus Dual Tone,2016,Diesel,24.3,1248,88.5,800000
Maruti Ertiga ZDI,2012,Diesel,20.77,1248,88.8,425000
Maruti Eeco 5 Seater AC BSIV,2011,Petrol,15.37,1196,73,150000
Maruti Zen Estilo 1.1 LXI BSIII,2007,Petrol,18.2,1061,64,90000
Mahindra XUV500 W6 2WD,2015,Diesel,15.1,2179,140,850000
Toyota Innova 2.5 G (Diesel) 7 Seater BS IV,2008,Diesel,12.8,2494,102,330000
Hyundai i20 1.4 Asta Option,2017,Diesel,22.54,1396,88.73,850000
Mahindra Bolero SLX,2008,Diesel,13.6,2523,63,305000
Toyota Innova 2.5 VX (Diesel) 7 Seater,2013,Diesel,12.99,2494,100,910000
Toyota Innova 2.5 VX 8 STR,2012,Diesel,12.8,2494,102,1100000
Maruti Baleno Zeta Automatic,2019,Petrol,21.4,1197,83.1,675000
Maruti Alto LXi BSIII,2010,Petrol,19.7,796,46.3,150000
Maruti Swift VDI BSIV,2015,Diesel,25.2,1248,74,550000
Volkswagen Vento Diesel Highline,2012,Diesel,20.54,1598,103.6,350000
Maruti Ritz VDi,2012,Diesel,23.2,1248,73.94,300000
Toyota Innova Crysta 2.8 GX AT BSIV,2018,Diesel,11.36,2755,171.5,1745000
Mahindra Scorpio 2009-2014 EX 2WD 7S,2014,Diesel,14,2523,75,611000
Honda Brio S MT,2016,Petrol,19.4,1198,86.8,400000
Hyundai Elantra CRDi SX,2013,Diesel,22.7,1582,126.24,700000
Chevrolet Sail Hatchback LS ABS,2013,Diesel,22.1,1248,76.9,300000
Hyundai Getz GLS,2005,Petrol,15.3,1341,83,65000
Maruti Wagon R VXI BS IV,2011,Petrol,18.9,998,67.1,200000
Hyundai i20 Asta Option 1.4 CRDi,2015,Diesel,22.54,1396,88.73,650000
Hyundai i20 Asta Option 1.4 CRDi,2015,Diesel,22.54,1396,88.73,650000
Volkswagen Polo Diesel Trendline 1.2L,2013,Diesel,22.07,1199,73.9,350000
Tata Indica V2 DL BSIII,2011,Diesel,17.88,1396,52.8,75000
Maruti Swift Dzire VXi,2010,Petrol,17.5,1298,85.8,240000
Maruti Alto K10 2010-2014 VXI,2013,Petrol,20.92,998,67.1,240000
Tata Indica Vista Aura 1.3 Quadrajet (ABS) BS IV,2011,Diesel,18.4,1248,75,180000
Hyundai Santa Fe 4WD AT,2014,Diesel,13.01,2199,194.3,900000
Mahindra Thar DI 4X4,2014,Diesel,18.06,2523,63,425000
Chevrolet Spark 1.0 LT,2009,Petrol,18,995,62,95000
Maruti Swift Dzire VDI,2018,Diesel,28.4,1248,74.02,811000
Hyundai Verna VTVT 1.6 SX Option,2018,Petrol,17,1591,121.3,1100000
Chevrolet Tavera Neo 3 LT 9 Seats BSIII,2013,Diesel,13.58,2499,72.4,600000
Maruti Ertiga VDI,2014,Diesel,20.77,1248,88.76,550000
Mahindra Scorpio S4 Plus 4WD,2015,Diesel,15.4,2179,120,715000
Tata Indigo LS BSII,2006,Diesel,16.1,1405,70,100000
Mahindra Scorpio EX,2013,Diesel,14,2523,75,500000
Maruti Wagon R Stingray VXI,2013,Petrol,20.51,998,67.04,350000
Tata Indica V2 DLS TC,2008,Diesel,16.8,1405,62,100000
Tata Safari DICOR 2.2 EX 4x2,2012,Diesel,13.93,2179,138.03,325000
Maruti Wagon R LXI BS IV,2012,Petrol,18.9,998,67.1,220000
Maruti 800 AC,1999,Petrol,16.1,796,37,55000
Renault KWID RXT,2016,Petrol,25.17,799,53.3,330000
Mahindra Bolero 2011-2019 EX NON AC,2014,Diesel,15.96,2523,62.1,480000
Maruti S-Cross 2017-2020 Zeta DDiS 200 SH,2018,Diesel,25.1,1248,88.5,950000
Hyundai Verna Transform SX VGT CRDi,2011,Diesel,16.2,1493,110,300000
Hyundai Verna Xi (Petrol),2006,Petrol,13.9,1599,103.2,170000
Toyota Innova 2.5 EV (Diesel) PS 8 Seater BS IV,2013,Diesel,12.99,2494,100.57,850000
Tata Tigor 2017-2020 XZ Plus Diesel,2019,Diesel,24.7,1047,69,900000
Toyota Innova 2.5 Z Diesel 7 Seater BS IV,2015,Diesel,12.99,2494,100.6,1325000
Ford Fiesta Classic 1.4 Duratorq CLXI,2012,Diesel,17.8,1399,67,350000
Ford Figo Diesel Titanium,2012,Diesel,20,1399,68,425000
Ford Aspire Titanium Diesel BSIV,2016,Diesel,26.1,1498,99.23,600000
Ford Ecosport 1.5 DV5 MT Titanium,2014,Diesel,22.7,1498,89.84,750000
Ford Fiesta Classic 1.4 Duratorq CLXI,2012,Diesel,17.8,1399,67,450000
Ford Figo Titanium Diesel BSIV,2010,Diesel,25.5,1498,99.23,325000
Mahindra XUV500 W8 2WD,2013,Diesel,15.1,2179,140,900000
Ford EcoSport 1.5 TDCi Titanium BSIV,2013,Diesel,22.77,1498,98.59,600000
Hyundai Verna VTVT 1.6 SX Option,2019,Petrol,17,1591,121.3,1100000
Tata Tiago 1.2 Revotron XZ,2017,Petrol,23.84,1199,84,520000
Mahindra Scorpio S10 7 Seater,2015,Diesel,15.4,2179,120,885000
Tata Nexon 1.5 Revotorq XZA Plus DualTone,2018,Diesel,21.5,1497,108.5,950000
Honda City 1.5 E MT,2008,Petrol,17,1497,118,229999
Maruti Ritz VDi,2013,Diesel,23.2,1248,73.94,409999
Ford Fiesta EXi 1.4 TDCi Ltd,2011,Diesel,17.8,1399,68,300000
Tata Indica V2 DLG TC,2008,Diesel,16.8,1405,68,175000
Maruti Alto LX,2000,Petrol,19.7,796,46.3,108000
Maruti Celerio ZXI,2017,Petrol,23.1,998,67.04,425000
Chevrolet Optra Magnum 2.0 LS,2011,Diesel,16.52,1991,123.7,272000
Hyundai i10 Magna 1.1L,2013,Petrol,19.81,1086,68.05,310000
Hyundai Creta 1.4 CRDi S Plus,2017,Diesel,21.38,1396,88.7,1125000
Hyundai Xcent 1.2 Kappa S Option,2014,Petrol,19.1,1197,81.86,450000
Volkswagen Polo Diesel Highline 1.2L,2011,Diesel,22.07,1199,73.9,388000
Hyundai Verna Transform SX VTVT,2011,Petrol,16.2,1599,103.2,400000
Honda City i DTEC VX,2015,Diesel,25.1,1498,98.6,760000
Maruti Alto LXi,2009,Petrol,19.7,796,46.3,120000
Maruti Swift Dzire VDI,2019,Diesel,28.4,1248,74.02,757000
Maruti Alto 800 VXI,2015,Petrol,22.74,796,47.3,270000
Tata Sumo MKII GX BS IV,2011,Diesel,13.55,2179,118.35,250000
Toyota Innova Crysta 2.5 VX BS IV,2011,Diesel,12.8,2494,102,800000
Toyota Fortuner 4x2 Manual,2014,Diesel,13,2982,168.5,1380000
Mahindra Thar CRDe AC,2014,Diesel,16.55,2498,105,700000
Honda Mobilio S i DTEC,2016,Diesel,24.2,1498,98.6,450000
Mahindra KUV 100 G80 K8,2018,Petrol,18.15,1198,82,650000
Mahindra XUV500 W8 2WD,2013,Diesel,15.1,2179,140,950000
Toyota Innova 2.5 E Diesel MS 7-seater,2007,Diesel,12.8,2494,102,626000
